P;IITCODE;N.M;QTY;REFDES;PACKAGE;CATEGORY;VALUE;RANGE;TOLERANCE;Description;Manuf;Manuf Code;Supplier;Supplier Code
1;156;;1,00;C9;0603;C;CAP0603;50V;5%;Multilayer Ceramic Capacitor, 1nF, 50V, 5%, C0G, SMD, 0603;Kemet;C0603C102J5GAC-TU;FARNELL ITALIA S.R.L.;1650827;Kemet;C0603C102J5GAC-TU;MOUSER ELECTRONICS;80-C0603C102J5G;Kemet;C0603C102J5GAC-TU;DIGI-KEY CORPORATION;399-3293-1-ND;Murata;GRM1885C1H102JA01D;RS COMPONENTS S.P.A.;624-2418;
2;665;;1,00;C20;0603;C;CAP0603;50V;5%;Multilayer Ceramic Capacitor, 22nF, 50V, 5%, X7R, SMD, 0603;Avx;06035C223JAT2A;DIGI-KEY CORPORATION;478-3722-2-ND;Avx;06035C223JAT2A;FARNELL ITALIA S.R.L.;1835412;Avx;06035C223JAT2A;MOUSER ELECTRONICS;581-06035C223JAT2A;
3;665;;1,00;C25;0603;C;CAP0603;50V;5%;Multilayer Ceramic Capacitor, 22nF, 50V, 5%, X7R, SMD, 0603;Avx;06035C223JAT2A;DIGI-KEY CORPORATION;478-3722-2-ND;Avx;06035C223JAT2A;FARNELL ITALIA S.R.L.;1835412;Avx;06035C223JAT2A;MOUSER ELECTRONICS;581-06035C223JAT2A;
4;665;;1,00;C27;0603;C;CAP0603;50V;5%;Multilayer Ceramic Capacitor, 22nF, 50V, 5%, X7R, SMD, 0603;Avx;06035C223JAT2A;DIGI-KEY CORPORATION;478-3722-2-ND;Avx;06035C223JAT2A;FARNELL ITALIA S.R.L.;1835412;Avx;06035C223JAT2A;MOUSER ELECTRONICS;581-06035C223JAT2A;
5;1035;;1,00;C1;0402;C;CAP0402;16V;10%;Multilayer Ceramic Capacitor, 100nF, 16V, 10%, X7R, SMD, 0402;Yageo;C0402KRX7R7BB104;FARNELL ITALIA S.R.L.;9402047;Yageo;C0402KRX7R7BB104;RS COMPONENTS S.P.A.;616-9701;Kemet;C0402C104K4RAC-TU;FARNELL ITALIA S.R.L.;1650809;Kemet;C0402C104K4RAC-TU;MOUSER ELECTRONICS;80-C0402C104K4R;
6;1035;;1,00;C2;0402;C;CAP0402;16V;10%;Multilayer Ceramic Capacitor, 100nF, 16V, 10%, X7R, SMD, 0402;Yageo;C0402KRX7R7BB104;FARNELL ITALIA S.R.L.;9402047;Yageo;C0402KRX7R7BB104;RS COMPONENTS S.P.A.;616-9701;Kemet;C0402C104K4RAC-TU;FARNELL ITALIA S.R.L.;1650809;Kemet;C0402C104K4RAC-TU;MOUSER ELECTRONICS;80-C0402C104K4R;
7;1035;;1,00;C3;0402;C;CAP0402;16V;10%;Multilayer Ceramic Capacitor, 100nF, 16V, 10%, X7R, SMD, 0402;Yageo;C0402KRX7R7BB104;FARNELL ITALIA S.R.L.;9402047;Yageo;C0402KRX7R7BB104;RS COMPONENTS S.P.A.;616-9701;Kemet;C0402C104K4RAC-TU;FARNELL ITALIA S.R.L.;1650809;Kemet;C0402C104K4RAC-TU;MOUSER ELECTRONICS;80-C0402C104K4R;
8;1035;;1,00;C4;0402;C;CAP0402;16V;10%;Multilayer Ceramic Capacitor, 100nF, 16V, 10%, X7R, SMD, 0402;Yageo;C0402KRX7R7BB104;FARNELL ITALIA S.R.L.;9402047;Yageo;C0402KRX7R7BB104;RS COMPONENTS S.P.A.;616-9701;Kemet;C0402C104K4RAC-TU;FARNELL ITALIA S.R.L.;1650809;Kemet;C0402C104K4RAC-TU;MOUSER ELECTRONICS;80-C0402C104K4R;
9;1035;;1,00;C8;0402;C;CAP0402;16V;10%;Multilayer Ceramic Capacitor, 100nF, 16V, 10%, X7R, SMD, 0402;Yageo;C0402KRX7R7BB104;FARNELL ITALIA S.R.L.;9402047;Yageo;C0402KRX7R7BB104;RS COMPONENTS S.P.A.;616-9701;Kemet;C0402C104K4RAC-TU;FARNELL ITALIA S.R.L.;1650809;Kemet;C0402C104K4RAC-TU;MOUSER ELECTRONICS;80-C0402C104K4R;
10;1035;;1,00;C10;0402;C;CAP0402;16V;10%;Multilayer Ceramic Capacitor, 100nF, 16V, 10%, X7R, SMD, 0402;Yageo;C0402KRX7R7BB104;FARNELL ITALIA S.R.L.;9402047;Yageo;C0402KRX7R7BB104;RS COMPONENTS S.P.A.;616-9701;Kemet;C0402C104K4RAC-TU;FARNELL ITALIA S.R.L.;1650809;Kemet;C0402C104K4RAC-TU;MOUSER ELECTRONICS;80-C0402C104K4R;
11;1035;;1,00;C11;0402;C;CAP0402;16V;10%;Multilayer Ceramic Capacitor, 100nF, 16V, 10%, X7R, SMD, 0402;Yageo;C0402KRX7R7BB104;FARNELL ITALIA S.R.L.;9402047;Yageo;C0402KRX7R7BB104;RS COMPONENTS S.P.A.;616-9701;Kemet;C0402C104K4RAC-TU;FARNELL ITALIA S.R.L.;1650809;Kemet;C0402C104K4RAC-TU;MOUSER ELECTRONICS;80-C0402C104K4R;
12;1035;;1,00;C14;0402;C;CAP0402;16V;10%;Multilayer Ceramic Capacitor, 100nF, 16V, 10%, X7R, SMD, 0402;Yageo;C0402KRX7R7BB104;FARNELL ITALIA S.R.L.;9402047;Yageo;C0402KRX7R7BB104;RS COMPONENTS S.P.A.;616-9701;Kemet;C0402C104K4RAC-TU;FARNELL ITALIA S.R.L.;1650809;Kemet;C0402C104K4RAC-TU;MOUSER ELECTRONICS;80-C0402C104K4R;
13;1035;;1,00;C16;0402;C;CAP0402;16V;10%;Multilayer Ceramic Capacitor, 100nF, 16V, 10%, X7R, SMD, 0402;Yageo;C0402KRX7R7BB104;FARNELL ITALIA S.R.L.;9402047;Yageo;C0402KRX7R7BB104;RS COMPONENTS S.P.A.;616-9701;Kemet;C0402C104K4RAC-TU;FARNELL ITALIA S.R.L.;1650809;Kemet;C0402C104K4RAC-TU;MOUSER ELECTRONICS;80-C0402C104K4R;
14;1035;;1,00;C19;0402;C;CAP0402;16V;10%;Multilayer Ceramic Capacitor, 100nF, 16V, 10%, X7R, SMD, 0402;Yageo;C0402KRX7R7BB104;FARNELL ITALIA S.R.L.;9402047;Yageo;C0402KRX7R7BB104;RS COMPONENTS S.P.A.;616-9701;Kemet;C0402C104K4RAC-TU;FARNELL ITALIA S.R.L.;1650809;Kemet;C0402C104K4RAC-TU;MOUSER ELECTRONICS;80-C0402C104K4R;
15;1035;;1,00;C30;0402;C;CAP0402;16V;10%;Multilayer Ceramic Capacitor, 100nF, 16V, 10%, X7R, SMD, 0402;Yageo;C0402KRX7R7BB104;FARNELL ITALIA S.R.L.;9402047;Yageo;C0402KRX7R7BB104;RS COMPONENTS S.P.A.;616-9701;Kemet;C0402C104K4RAC-TU;FARNELL ITALIA S.R.L.;1650809;Kemet;C0402C104K4RAC-TU;MOUSER ELECTRONICS;80-C0402C104K4R;
16;1035;;1,00;C31;0402;C;CAP0402;16V;10%;Multilayer Ceramic Capacitor, 100nF, 16V, 10%, X7R, SMD, 0402;Yageo;C0402KRX7R7BB104;FARNELL ITALIA S.R.L.;9402047;Yageo;C0402KRX7R7BB104;RS COMPONENTS S.P.A.;616-9701;Kemet;C0402C104K4RAC-TU;FARNELL ITALIA S.R.L.;1650809;Kemet;C0402C104K4RAC-TU;MOUSER ELECTRONICS;80-C0402C104K4R;
17;1041;;1,00;C24;0603;C;CAP0402;16V;10%;Multilayer Ceramic Capacitor, 470nF, 16V, 10%, X7R, SMD, 0603;Kemet;C0603C474K4RACTU;FARNELL ITALIA S.R.L.;1414644;Kemet;C0603C474K4RACTU;FARNELL ITALIA S.R.L.;1414644RL;Kemet;C0603C474K4RACTU;MOUSER ELECTRONICS;80-C0603C474K4R;Murata;GRM188R71C474KA88D;RS COMPONENTS S.P.A.;723-5626;
18;1041;;1,00;C28;0603;C;CAP0402;16V;10%;Multilayer Ceramic Capacitor, 470nF, 16V, 10%, X7R, SMD, 0603;Kemet;C0603C474K4RACTU;FARNELL ITALIA S.R.L.;1414644;Kemet;C0603C474K4RACTU;FARNELL ITALIA S.R.L.;1414644RL;Kemet;C0603C474K4RACTU;MOUSER ELECTRONICS;80-C0603C474K4R;Murata;GRM188R71C474KA88D;RS COMPONENTS S.P.A.;723-5626;
19;1078;;1,00;C21;1210;C;CAP1210;100V;10%;Multilayer Ceramic Capacitor, 1uF, 100V, 10%, X7R, SMD, 1210;Avx;12101C105KAT2A;FARNELL ITALIA S.R.L.;1301814;Avx;12101C105KAT2A;RS COMPONENTS S.P.A.;698-3740;Avx;12101C105KAT2A;MOUSER ELECTRONICS;581-12101C105KAT2A;
20;1078;;1,00;C22;1210;C;CAP1210;100V;10%;Multilayer Ceramic Capacitor, 1uF, 100V, 10%, X7R, SMD, 1210;Avx;12101C105KAT2A;FARNELL ITALIA S.R.L.;1301814;Avx;12101C105KAT2A;RS COMPONENTS S.P.A.;698-3740;Avx;12101C105KAT2A;MOUSER ELECTRONICS;581-12101C105KAT2A;
21;1079;;1,00;C23;1210;C;CAP1210;6.3V;20%;Multilayer Ceramic Capacitor, 100uF, 6.3V, 10%, X5R, SMD, 1210;Kemet;C1210C107M9PAC7800;FARNELL ITALIA S.R.L.;1108328;Kemet;C1210C107M9PAC7800;RS COMPONENTS S.P.A.;691-1243;Kemet;C1210C107M9PAC7800;MOUSER ELECTRONICS;80-C1210C107M9P;
22;1324;;1,00;C7;0402;C;CAP0402;10V;10%;Multilayer Ceramic Capacitor, 1uF, 10V, 10%, X5R, SMD, 0402;Phycomp;CC0402KRX5R6BB105;FARNELL ITALIA S.R.L.;1458896;Phycomp;CC0402KRX5R6BB105;MOUSER ELECTRONICS;603-CC402KRX5R6BB105;TDK;C1005X5R1A105KT;RS COMPONENTS S.P.A.;741-4396;
23;1348;;1,00;C6;0402;C;CAP0402;25V;10%;Multilayer Ceramic Capacitor, 10nF, 25V, 10%, X7R, SMD, 0402;Kemet;C0402C103K3RAC7867;RS COMPONENTS S.P.A.;147-049;Kemet;C0402C103K3RAC7867;FARNELL ITALIA S.R.L.;1650806RL;Kemet;C0402C103K3RAC7867;MOUSER ELECTRONICS;80-C0402C103K3R;
24;1421;;1,00;C5;0805;C;CAP0805;6.3V;10%;Multilayer Ceramic Capacitor, 4.7uF, 6.3V, 10%, X5R, SMD, 0805;Murata;GRM219R60J475KE19D;FARNELL ITALIA S.R.L.;9522999;Murata;GRM219R60J475KE19D;RS COMPONENTS S.P.A.;624-2705;Murata;GRM219R60J475KE19D;MOUSER ELECTRONICS;81-GRM219R60J475KE9D;
25;1684;;1,00;C26;0402;C;CAP0402;50V;10%;Multilayer Ceramic Capacitor, 330pF, 50V, 10%, X7R, SMD, 0402;TDK;C1005X7R1H331K;DIGI-KEY CORPORATION;445-4910-6-ND;TDK;C1005X7R1H331K;RS COMPONENTS S.P.A.;111-062;TDK;C1005X7R1H331K;FARNELL ITALIA S.R.L.;1844140;TDK;C1005X7R1H331K;MOUSER ELECTRONICS;810-C1005X7R1H331K;
26;6154;;1,00;C29;1210;C;CAP1210;16V;10%;Tantalum Capacitor, 33uF, 16V, 10%, SMD, 1210;AVX;TPSB336K016R0350;FARNELL ITALIA S.R.L.;1658966;
27;288;;1,00;P1;53261-0471;CO;53261-0471;1A;;PCB connector, Picoblade, 4 contacts, 1 row, male, p.1.25mm, 90°, w to b, lock, key, SMD;Molex;53261-0471;RS COMPONENTS S.P.A.;542-7113;Molex;53261-0471;FARNELL ITALIA S.R.L.;1125374;
28;288;;1,00;P6;53261-0471;CO;53261-0471;1A;;PCB connector, Picoblade, 4 contacts, 1 row, male, p.1.25mm, 90°, w to b, lock, key, SMD;Molex;53261-0471;RS COMPONENTS S.P.A.;542-7113;Molex;53261-0471;FARNELL ITALIA S.R.L.;1125374;
29;504;;1,00;TP2;TP-1206;CO;TP-1206;;;Test point, SMD, 1206;Harwin;S1751-46;FARNELL ITALIA S.R.L.;1022338;
30;630;;1,00;P5;53261-0571;CO;53261-0571;1A;;PCB connector, Picoblade, 5 contacts, 1 row, male, 1.25mm,  90°, w to b, nolock, key, SMD;Molex;53261-0571;FARNELL ITALIA S.R.L.;1125360;Molex;53261-0571;RS COMPONENTS S.P.A.;542-7270;
31;631;;1,00;P11;53261-0771;CO;53261-0771;1A;;PCB connector, Picoblade, 7 contacts, 1 row, male, 1.25mm,  90°, w to b, nolock, key, SMD;Molex;53261-0771;FARNELL ITALIA S.R.L.;1125361;
32;1124;;1,00;P2;53261-0671;CO;53261-0671;1A;;PCB connector, Picoblade, 6 contacts, 1 row, male, p.1.25mm,  90°, w to b, nolock, key, SMD;Molex;53261-0671;FARNELL ITALIA S.R.L.;1125375;
33;1124;;1,00;P7;53261-0671;CO;53261-0671;1A;;PCB connector, Picoblade, 6 contacts, 1 row, male, p.1.25mm,  90°, w to b, nolock, key, SMD;Molex;53261-0671;FARNELL ITALIA S.R.L.;1125375;
34;1124;;1,00;P8;53261-0671;CO;53261-0671;1A;;PCB connector, Picoblade, 6 contacts, 1 row, male, p.1.25mm,  90°, w to b, nolock, key, SMD;Molex;53261-0671;FARNELL ITALIA S.R.L.;1125375;
35;1295;;1,00;J1;PSTRIP10X2_M_SMD;CO;PSTRIP10X2_M;1.75A;;PCB connector, Pin strip, 10 contacts, 2 rows, male, p.1.27mm, Straight, b to b, nolock, nokey, SMD;Samtec;FTSH-105-01-L-DV;FARNELL ITALIA S.R.L.;1667759;
36;1394;;1,00;P4;53398-1071;CO;53398-1071;1A;;PCB connector, Picoblade, 10 contacts, 1 row, male, p.1.25mm, Straight, w to b, nolock, key, SMD;Molex;53398-1071;RS COMPONENTS S.P.A.;656-3046;
37;2980;;1,00;P9;53261-0271;CO;53261-0271;1A;;PCB connector, Picoblade, 2 contacts, 1 row, male, p.1.25mm, 90°, w to b, lock, key, SMD;Molex;53261-0271;FARNELL ITALIA S.R.L.;1125373;
38;2980;;1,00;P10;53261-0271;CO;53261-0271;1A;;PCB connector, Picoblade, 2 contacts, 1 row, male, p.1.25mm, 90°, w to b, lock, key, SMD;Molex;53261-0271;FARNELL ITALIA S.R.L.;1125373;
39;3581;;1,00;TP1;SMOXM;CO;SMOXM;3A;;Test point SMOX, male, SMD, 1.5x1.5mm H=2mm;Oxley;SMOX/060/B1 GOLD;FARNELL ITALIA S.R.L.;1573280;
40;3581;;1,00;TP3;SMOXM;CO;SMOXM;3A;;Test point SMOX, male, SMD, 1.5x1.5mm H=2mm;Oxley;SMOX/060/B1 GOLD;FARNELL ITALIA S.R.L.;1573280;
41;3581;;1,00;TP4;SMOXM;CO;SMOXM;3A;;Test point SMOX, male, SMD, 1.5x1.5mm H=2mm;Oxley;SMOX/060/B1 GOLD;FARNELL ITALIA S.R.L.;1573280;
42;4500;;1,00;J3;MPT052-254;CO;-;6A;;Terminal block, MPT, 2 contacts, 1 row, female, p.2.54mm, Straight, w to b, 6A, screw terminal, THD;Phoenix;MPT 0.5/ 2-2.54;RS COMPONENTS S.P.A.;220-4260;
43;5280;;1,00;J2;35RASMT4BHNTRX;CO;35RASMT4BHNTRX;3A;;PCB connector, jack stereo, 5 contact, female, b to w, nolock, nokey, diam 3.5mm, plastic case;Switchcraft;35RASMT4BHNTRX;RS COMPONENTS S.P.A.;705-1490;
44;6115;;1,00;P3;;CO;;;;RJ45 PCB connector, 90° with yellow and green leds;TE Connectivity;6339191-1;FARNELL ITALIA S.R.L.;2131151;
45;565;;1,00;D2;SOD123;DI;SOD123;1A;;Diode Schottky, Vrrm: 90V, If: 1A, Ifms: 30A, SMD, SOD123;Taiwan semiconductors;SS19L;FARNELL ITALIA S.R.L.;1559161;Taiwan semiconductors;SS19L;RS COMPONENTS S.P.A.;743-6015;
46;5060;;1,00;D3;SOT23;DI;;200mA;;Diode schottky, common cathode, Vrrm: 30V, If: 200mA, Ifms: 600mA, SMD, SOT23;NXP semiconductor;BAT754C;FARNELL ITALIA S.R.L.;1081205;
47;5929;;1,00;D1;DO214AC;DI;SMAJ58CA;40A;;Diode Transzorb, Vbr: 58V, Pp: 400W, Bidirectional, SMD, SMA;Multicomp;SMAJ58CA;FARNELL ITALIA S.R.L.;1579006RL;
48;1652;;1,00;DL1;LED0603;DL;LED0603;40mcd;;Led diode, red, 2V, 20mA, 40mcd, SMD, 0603;Rohm;SML-511UWT86R;FARNELL ITALIA S.R.L.;1685073;
49;1653;;1,00;DL2;LED0603;DL;LED0603;40mcd;;Led diode, orange, 2V, 20mA, 40mcd, SMD, 0603;Rohm;SML-511DWT86R;FARNELL ITALIA S.R.L.;1685072;
50;1653;;1,00;DL3;LED0603;DL;LED0603;40mcd;;Led diode, orange, 2V, 20mA, 40mcd, SMD, 0603;Rohm;SML-511DWT86R;FARNELL ITALIA S.R.L.;1685072;
51;1653;;1,00;DL6;LED0603;DL;LED0603;40mcd;;Led diode, orange, 2V, 20mA, 40mcd, SMD, 0603;Rohm;SML-511DWT86R;FARNELL ITALIA S.R.L.;1685072;
52;1654;;1,00;DL4;LED0603;DL;LED0603;40mcd;;Led diode, green, 2V, 20mA, 40mcd, SMD, 0603;Rohm;SML-512MWT86R;FARNELL ITALIA S.R.L.;1685076;
53;1655;;1,00;DL5;LED0603;DL;LED0603;100mcd;;Led diode, blue, 4V, 25mA, 100mcd, SMD, 0603;Avago technologies;OVS-0603;FARNELL ITALIA S.R.L.;1716770;
54;4565;;1,00;DL7;LED3MM;DL;LED3MM;470mcd;;Led diode, blue, 3.2V, 20mA, 470mcd, THD, 3mm, cylindrical, round top;Rohm;SLR-343BC7T3F;MOUSER ELECTRONICS;755-SLR-343BC7T3F;
55;241;;1,00;U4;SOT23-8;DR;MAX3051;3.3V;;CAN Transceiver, 3.3V, SMD, SOT23-8;Maxim;MAX3051EKA;DIGI-KEY CORPORATION;MAX3051EKA+T-ND;Maxim;MAX3051EKA;RS COMPONENTS S.P.A.;732-8992;Maxim;MAX3051EKA;MOUSER ELECTRONICS;700-MAX3051EKAT;
56;6188;;1,00;MEC1;;FAST;;;;PEM Surface Mount Right Angle Fastener - Type SMTRA;
57;6188;;1,00;MEC2;;FAST;;;;PEM Surface Mount Right Angle Fastener - Type SMTRA;
58;545;;1,00;FL1;WE-SL1;FI;;;+/-40%;Common mode line filter, 330uH, 300mA, 80Vdc, SMD, 6.5x3.6mm;Wurth Elektronik;744212331;RS COMPONENTS S.P.A.;500-3199;
59;1122;;1,00;L1;4p8x4p8;L;;820mA;10%;Inductance, 33uH, 820mA, 10%, SMD, 4.8X4.8x2.8mm;Wurth Elektronic;744043330;DIGI-KEY CORPORATION;732-1108-1-ND;Wurth Elektronic;744043330;RS COMPONENTS S.P.A.;744-4763;
60;6190;;1,00;U1;LQFP64;MI;;32bit;;Microcontroller ARM Cortex-M3, 32Bits, 72MHz, 64kB FLASH, 20kB SRAM, 2.0/3.6V, SMD, LQFP64;St microelectronics;STM32F103C8T6;FARNELL ITALIA S.R.L.;1447637;
61;1278;;1,00;Y1;S2;Q;S2;-;50ppm;Oscillator, 10MHz, 3.3V, 50ppm, SMD, 2.5x2mm;Aker;S23305-10.000-X;RS COMPONENTS S.P.A.;671-9763;
62;256;;1,00;R28;0603;R;RES0603;0.063W;1%;Resistor Thick Film, 120R, 0.063W, 1%, SMD, 0603;Multicomp;MC-0.063W-0603-1%-120R;FARNELL ITALIA S.R.L.;9330496;
63;435;;1,00;R17;0603;R;RES0603;0.1W;5%;Resistor Thick film, 0R, 0.1W, 5%, SMD, 0603;Panasonic;ERJ-3GEY0R00V;DIGI-KEY CORPORATION;P0.0GCT-ND;Panasonic;ERJ-3GEY0R00V;DIGI-KEY CORPORATION;P0.0GTR-ND;Bourns;CR0603-J/-000ELF;FARNELL ITALIA S.R.L.;2008343RL;
64;444;;1,00;R7;0603;R;RES0603;0.1W;1%;Resistor Thick film 100R, 0.1W, 1%, SMD, 0603;Phycomp;RC0603FR-07100RL;DIGI-KEY CORPORATION;311-100HRTR-ND;Phycomp;RC0603FR-07100RL;FARNELL ITALIA S.R.L.;9238360;
65;444;;1,00;R9;0603;R;RES0603;0.1W;1%;Resistor Thick film 100R, 0.1W, 1%, SMD, 0603;Phycomp;RC0603FR-07100RL;DIGI-KEY CORPORATION;311-100HRTR-ND;Phycomp;RC0603FR-07100RL;FARNELL ITALIA S.R.L.;9238360;
66;444;;1,00;R12;0603;R;RES0603;0.1W;1%;Resistor Thick film 100R, 0.1W, 1%, SMD, 0603;Phycomp;RC0603FR-07100RL;DIGI-KEY CORPORATION;311-100HRTR-ND;Phycomp;RC0603FR-07100RL;FARNELL ITALIA S.R.L.;9238360;
67;461;;1,00;R22;0603;R;RES0603;0.1W;1%;Resistor Thick film, 12K, 0.1W, 1%, SMD, 0603;Phycomp;RC0603FR-0712KL;DIGI-KEY CORPORATION;311-12.0KHRTR-ND;Phycomp;RC0603FR-0712KL;FARNELL ITALIA S.R.L.;9238611;Phycomp;RC0603FR-0712KL;FARNELL ITALIA S.R.L.;9238611RL;
68;808;;1,00;R23;0603;R;RES0603;0.1W;0.1%;Resistor Precision thin film, 22K, 0.1W, 0.1%, SMD, 0603;Panasonic;ERA3AEB223V;FARNELL ITALIA S.R.L.;1577624;
69;1087;;1,00;R10;0402;R;RES0402;0.063W;1%;Resistor Thick film, 220R, 0.063W, 1%, SMD, 0402;Multicomp;MC 0.0625W 0402 1% 220R;FARNELL ITALIA S.R.L.;1358024RL;
70;1087;;1,00;R13;0402;R;RES0402;0.063W;1%;Resistor Thick film, 220R, 0.063W, 1%, SMD, 0402;Multicomp;MC 0.0625W 0402 1% 220R;FARNELL ITALIA S.R.L.;1358024RL;
71;1087;;1,00;R14;0402;R;RES0402;0.063W;1%;Resistor Thick film, 220R, 0.063W, 1%, SMD, 0402;Multicomp;MC 0.0625W 0402 1% 220R;FARNELL ITALIA S.R.L.;1358024RL;
72;1087;;1,00;R15;0402;R;RES0402;0.063W;1%;Resistor Thick film, 220R, 0.063W, 1%, SMD, 0402;Multicomp;MC 0.0625W 0402 1% 220R;FARNELL ITALIA S.R.L.;1358024RL;
73;1087;;1,00;R25;0402;R;RES0402;0.063W;1%;Resistor Thick film, 220R, 0.063W, 1%, SMD, 0402;Multicomp;MC 0.0625W 0402 1% 220R;FARNELL ITALIA S.R.L.;1358024RL;
74;1087;;1,00;R26;0402;R;RES0402;0.063W;1%;Resistor Thick film, 220R, 0.063W, 1%, SMD, 0402;Multicomp;MC 0.0625W 0402 1% 220R;FARNELL ITALIA S.R.L.;1358024RL;
75;1087;;1,00;R27;0402;R;RES0402;0.063W;1%;Resistor Thick film, 220R, 0.063W, 1%, SMD, 0402;Multicomp;MC 0.0625W 0402 1% 220R;FARNELL ITALIA S.R.L.;1358024RL;
76;1087;;1,00;R30;0402;R;RES0402;0.063W;1%;Resistor Thick film, 220R, 0.063W, 1%, SMD, 0402;Multicomp;MC 0.0625W 0402 1% 220R;FARNELL ITALIA S.R.L.;1358024RL;
77;1087;;1,00;R31;0402;R;RES0402;0.063W;1%;Resistor Thick film, 220R, 0.063W, 1%, SMD, 0402;Multicomp;MC 0.0625W 0402 1% 220R;FARNELL ITALIA S.R.L.;1358024RL;
78;1087;;1,00;R32;0402;R;RES0402;0.063W;1%;Resistor Thick film, 220R, 0.063W, 1%, SMD, 0402;Multicomp;MC 0.0625W 0402 1% 220R;FARNELL ITALIA S.R.L.;1358024RL;
79;1087;;1,00;R33;0402;R;RES0402;0.063W;1%;Resistor Thick film, 220R, 0.063W, 1%, SMD, 0402;Multicomp;MC 0.0625W 0402 1% 220R;FARNELL ITALIA S.R.L.;1358024RL;
80;1106;;1,00;R18;0402;R;RES0402;0.063W;1%;Resistor Thick film, 3K01, 0.063W, 1%, SMD, 0402;Vishay;CRCW04023K01FKED;FARNELL ITALIA S.R.L.;1151124;
81;1107;;1,00;R8;0402;R;RES0402;0.063W;1%;Resistor Thick film, 4K7, 0.063W, 1%, SMD, 0402;Vishay;CRCW04024K70FKED;FARNELL ITALIA S.R.L.;1469712RL;
82;1107;;1,00;R11;0402;R;RES0402;0.063W;1%;Resistor Thick film, 4K7, 0.063W, 1%, SMD, 0402;Vishay;CRCW04024K70FKED;FARNELL ITALIA S.R.L.;1469712RL;
83;1107;;1,00;R20;0402;R;RES0402;0.063W;1%;Resistor Thick film, 4K7, 0.063W, 1%, SMD, 0402;Vishay;CRCW04024K70FKED;FARNELL ITALIA S.R.L.;1469712RL;
84;1109;;1,00;R5;0402;R;RES0402;0.063W;1%;Resistor Thick film, 10K, 0.063W, 1%, SMD, 0402;Yageo;RC0402FR-0710KL;FARNELL ITALIA S.R.L.;9239359RL;
85;1109;;1,00;R6;0402;R;RES0402;0.063W;1%;Resistor Thick film, 10K, 0.063W, 1%, SMD, 0402;Yageo;RC0402FR-0710KL;FARNELL ITALIA S.R.L.;9239359RL;
86;1109;;1,00;R34;0402;R;RES0402;0.063W;1%;Resistor Thick film, 10K, 0.063W, 1%, SMD, 0402;Yageo;RC0402FR-0710KL;FARNELL ITALIA S.R.L.;9239359RL;
87;1109;;1,00;R35;0402;R;RES0402;0.063W;1%;Resistor Thick film, 10K, 0.063W, 1%, SMD, 0402;Yageo;RC0402FR-0710KL;FARNELL ITALIA S.R.L.;9239359RL;
88;1114;;1,00;R19;0402;R;RES0402;0.063W;1%;Resistor Thick film, 68K, 0.063W, 1%, SMD, 0402;Yageo;RC0402FR-0768K;FARNELL ITALIA S.R.L.;9239456RL;
89;1273;;1,00;R24;0402;R;RES0402;0.063W;1%;Resistor Thick film, 1K5, 0.063W, 1%, SMD, 0402;Vishay;CRCW04021K50FKED;FARNELL ITALIA S.R.L.;1653201RL;
90;1274;;1,00;R16;0402;R;RES0402;0.063W;1%;Resistor Thick film, 47K, 0.063W, 1%, SMD, 0402;Yageo;RC0402FR-0747KL;FARNELL ITALIA S.R.L.;9239430;Yageo;RC0402FR-0747KL;FARNELL ITALIA S.R.L.;9239430RL;
91;1418;;1,00;R29;0603;R;RES0603;0.063W;1%;Resistor Thick film, 100R, 0.063W, 1%, SMD, 0603;Multicomp;MC 0.063W 0603 1% 100R;FARNELL ITALIA S.R.L.;9330364;
92;1704;;1,00;R21;0402;R;RES0402;0.063W;1%;Resistor Thick film, 12K, 0.063W, 1%, SMD, 0402;Vishay;CRCW040212K0FKED;DIGI-KEY CORPORATION;541-12.0KLDKR-ND;Vishay;CRCW040212K0FKED;FARNELL ITALIA S.R.L.;2140866RL;
93;4001;;1,00;R1;0402;R;RES0402;0.063W;1%;Resistor Thick film, 100K, 0.063W, 1%, SMD, 0402;Yageo;RC0402FR-07100KL;FARNELL ITALIA S.R.L.;9239472RL;
94;4001;;1,00;R4;0402;R;RES0402;0.063W;1%;Resistor Thick film, 100K, 0.063W, 1%, SMD, 0402;Yageo;RC0402FR-07100KL;FARNELL ITALIA S.R.L.;9239472RL;
95;1008;;1,00;U2;HTSSOP16;RG;LM5575MH;6V/75V;;Voltage regulator, switching, Vin 6/75V, Vout 1.225V, 1.5A, SMD, TSSOP16;National Semiconductor;LM5575MH;FARNELL ITALIA S.R.L.;1325420;
96;5680;;1,00;U3;TO263,SOT223-3;RG;LM3940;4.5/7.5V;;Voltage regulator, linear, Vin 4.5/7.5V, Vout 3.3V, 1A, SMD, TO-263;Texas Instruments;LM3940IS-3.3/NOPB;RS COMPONENTS S.P.A.;533-8265;Texas Instruments;LM3940IS-3.3/NOPB;FARNELL ITALIA S.R.L.;1469105;
97;634;;1,00;PB3;KMR231G;SW;KMR231G;32V;;Switch button, SPST, horizontal, 32Vdc, 5x3mm, SMD;C&K;Y78B23110FP (KMR231G);RS COMPONENTS S.P.A.;505-9192;C&K;Y78B23110FP (KMR231G);FARNELL ITALIA S.R.L.;1437636;
98;6189;;1,00;PB1;;SW;;24Vdc;;Switch button, SPST, 2 leds integrated Red/Green, 24Vdc, 10x8mm, SMD;
99;6189;;1,00;PB2;;SW;;24Vdc;;Switch button, SPST, 2 leds integrated Red/Green, 24Vdc, 10x8mm, SMD;
100;4148;;1,00;Q1;SOT23;TR;;1W;;N-Channel Mosfet, Vds=20V, Id=4.3A, Rds=55mR, SMD, SOT23;Zetex;ZXMN2B14FH;RS COMPONENTS S.P.A.;708-2636;Zetex;ZXMN2B14FH;FARNELL ITALIA S.R.L.;1426252;
101;4148;;1,00;Q2;SOT23;TR;;1W;;N-Channel Mosfet, Vds=20V, Id=4.3A, Rds=55mR, SMD, SOT23;Zetex;ZXMN2B14FH;RS COMPONENTS S.P.A.;708-2636;Zetex;ZXMN2B14FH;FARNELL ITALIA S.R.L.;1426252;
102;4148;;1,00;Q3;SOT23;TR;;1W;;N-Channel Mosfet, Vds=20V, Id=4.3A, Rds=55mR, SMD, SOT23;Zetex;ZXMN2B14FH;RS COMPONENTS S.P.A.;708-2636;Zetex;ZXMN2B14FH;FARNELL ITALIA S.R.L.;1426252;
103;6191;;1,00;U5;;TX;;30mA;;Module Bluetooth 2.1, Class 2, with antenna;Microchip;RN42-I/RM;FARNELL ITALIA S.R.L.;2143310;
104;1035;X;1,00;C12;0402;C;CAP0402;16V;10%;Multilayer Ceramic Capacitor, 100nF, 16V, 10%, X7R, SMD, 0402;Yageo;C0402KRX7R7BB104;FARNELL ITALIA S.R.L.;9402047;Yageo;C0402KRX7R7BB104;RS COMPONENTS S.P.A.;616-9701;Kemet;C0402C104K4RAC-TU;FARNELL ITALIA S.R.L.;1650809;Kemet;C0402C104K4RAC-TU;MOUSER ELECTRONICS;80-C0402C104K4R;
105;1035;X;1,00;C13;0402;C;CAP0402;16V;10%;Multilayer Ceramic Capacitor, 100nF, 16V, 10%, X7R, SMD, 0402;Yageo;C0402KRX7R7BB104;FARNELL ITALIA S.R.L.;9402047;Yageo;C0402KRX7R7BB104;RS COMPONENTS S.P.A.;616-9701;Kemet;C0402C104K4RAC-TU;FARNELL ITALIA S.R.L.;1650809;Kemet;C0402C104K4RAC-TU;MOUSER ELECTRONICS;80-C0402C104K4R;
106;1035;X;1,00;C15;0402;C;CAP0402;16V;10%;Multilayer Ceramic Capacitor, 100nF, 16V, 10%, X7R, SMD, 0402;Yageo;C0402KRX7R7BB104;FARNELL ITALIA S.R.L.;9402047;Yageo;C0402KRX7R7BB104;RS COMPONENTS S.P.A.;616-9701;Kemet;C0402C104K4RAC-TU;FARNELL ITALIA S.R.L.;1650809;Kemet;C0402C104K4RAC-TU;MOUSER ELECTRONICS;80-C0402C104K4R;
107;1035;X;1,00;C17;0402;C;CAP0402;16V;10%;Multilayer Ceramic Capacitor, 100nF, 16V, 10%, X7R, SMD, 0402;Yageo;C0402KRX7R7BB104;FARNELL ITALIA S.R.L.;9402047;Yageo;C0402KRX7R7BB104;RS COMPONENTS S.P.A.;616-9701;Kemet;C0402C104K4RAC-TU;FARNELL ITALIA S.R.L.;1650809;Kemet;C0402C104K4RAC-TU;MOUSER ELECTRONICS;80-C0402C104K4R;
108;1035;X;1,00;C18;0402;C;CAP0402;16V;10%;Multilayer Ceramic Capacitor, 100nF, 16V, 10%, X7R, SMD, 0402;Yageo;C0402KRX7R7BB104;FARNELL ITALIA S.R.L.;9402047;Yageo;C0402KRX7R7BB104;RS COMPONENTS S.P.A.;616-9701;Kemet;C0402C104K4RAC-TU;FARNELL ITALIA S.R.L.;1650809;Kemet;C0402C104K4RAC-TU;MOUSER ELECTRONICS;80-C0402C104K4R;
109;1080;X;1,00;R36;0402;R;RES0402;0.063W;1%;Resistor Thick film, 0R, 0.063W, 1%, SMD, 0402;Yageo;RC0402JR-070RL;FARNELL ITALIA S.R.L.;9232516;Yageo;RC0402JR-070RL;DIGI-KEY CORPORATION;311-0.0JRDKR-ND;
110;1109;X;1,00;R2;0402;R;RES0402;0.063W;1%;Resistor Thick film, 10K, 0.063W, 1%, SMD, 0402;Yageo;RC0402FR-0710KL;FARNELL ITALIA S.R.L.;9239359RL;
111;1109;X;1,00;R3;0402;R;RES0402;0.063W;1%;Resistor Thick film, 10K, 0.063W, 1%, SMD, 0402;Yageo;RC0402FR-0710KL;FARNELL ITALIA S.R.L.;9239359RL;
